001.docx	Ⅰ指針(2024.12 ).docx	73746
002.docx	X　抗菌薬適正使用指針(2026.2).docx	1139838
003.docx	Ⅲ-1　体液曝露防止(2013.5).docx	291193
004.docx	Ⅱ-1　標準予防策(2025.8).docx	1581310
005.docx	Ⅱ-2　感染経路別予防策(2026.2）.docx	2195508
006.docx	Ⅴ-1 薬剤耐性菌(2026.2).docx	1422883
007.docx	Ⅴ-10　感染性下痢症(2023.8).docx	389745
008.docx	Ⅲ-2　発生時の対応(2025.11）.docx	3187071
009.docx	Ⅳ　洗浄・消毒・滅菌(25.06）.docx	2958471
010.docx	Ⅴ-11　侵襲性髄膜炎菌感染症(2024.4).docx	58927
011.docx	Ⅴ-12　SFTS(2025.10).docx	52103
012.docx	Ⅴ-14. ニューモシスチス肺炎（2026.2).docx	51962
013.docx	Ⅴ-13　エムポックス(2025.12).docx	466387
014.docx	Ⅴ-2　結核(2025.4.23).docx	261004
015.docx	Ⅴ-3  麻疹(25.06).docx	1601975
016.docx	Ⅴ-5　風疹(2023.8).docx	2061100
017.docx	Ⅴ-7　流行性角結膜炎(25.11).docx	795060
018.docx	Ⅴ-4 水痘及び帯状疱疹(25.10）.docx	3607608
019.docx	Ⅴ-8　季節性インフルエンザ(2026.4).docx	310796
020.docx	Ⅴ-6　流行性耳下腺炎(2023.8).docx	2280188
021.docx	Ⅵ-1　血管内留置カテーテル関連感染予防策(25.06).docx	860250
022.docx	Ⅵ-3  VAP予防対策(2026.4）.docx	273643
023.docx	Ⅵ-4  SSI予防対策(25.06).docx	315289
024.docx	Ⅵ-2　CAUTI予防対策(25.06).docx	2050995
025.docx	Ⅶ-1　院内清掃(2005.10).docx	324777
026.docx	Ⅴ-9　新型コロナウイルス感染症（2026.4）.docx	2287515
027.docx	Ⅷ　感染症に伴う届出事項(2021.3).docx	46335
028.docx	Ⅺ　部門別感染対策(2023.8).docx	46618
029.docx	Ⅻ　アウトブレイク（疑い）対応(2023.12).docx	99452
030.xlsx	マニュアル作成・改訂表(2026.04).xlsx	16918
031.docx	Ⅸ　ワクチン(2025.8）.docx	947940
032.docx	Ⅶ-2　廃棄物(25.11).docx	1185285